{
  "allOf" : [
    {
      "allOf" : [
        {
          "prefixItems" : [
            {
              "type" : "integer"
            },
            {
              "type" : "string"
            }
          ]
        }
      ],
      "prefixItems" : [
        {
          "type" : "integer"
        }
      ],
      "items" : {
        "type" : "boolean"
      }
    },
    {
      "not" : {
        "allOf" : [
          {
            "prefixItems" : [
              {
                "type" : "integer"
              },
              {
                "type" : "string"
              }
            ]
          }
        ],
        "prefixItems" : [
          {
            "type" : "integer"
          }
        ],
        "items" : {
          "type" : "boolean"
        }
      }
    }
  ]
}