{
  "allOf" : [
    {
      "additionalProperties" : {
        "type" : "boolean"
      },
      "allOf" : [
        {
          "properties" : {
            "foo" : {
              
            }
          }
        }
      ]
    },
    {
      "not" : {
        "additionalProperties" : {
          "type" : "boolean"
        },
        "allOf" : [
          {
            "properties" : {
              "foo" : {
                
              }
            }
          }
        ]
      }
    }
  ]
}