{
  "allOf" : [
    {
      "additionalProperties" : false,
      "patternProperties" : {
        "^v" : {
          
        }
      },
      "properties" : {
        "bar" : {
          
        },
        "foo" : {
          
        }
      }
    },
    {
      "not" : {
        "additionalProperties" : false,
        "patternProperties" : {
          "^v" : {
            
          }
        },
        "properties" : {
          "bar" : {
            
          },
          "foo" : {
            
          }
        }
      }
    }
  ]
}