{
  "allOf" : [
    {
      "enum" : [
        {
          "bar" : 8
        }
      ]
    },
    {
      "not" : {
        "not" : {
          "oneOf" : [
            {
              "properties" : {
                "bar" : {
                  
                },
                "baz" : {
                  
                }
              },
              "required" : [
                "bar"
              ]
            },
            {
              "properties" : {
                "foo" : {
                  
                }
              },
              "required" : [
                "foo"
              ]
            }
          ]
        }
      }
    }
  ]
}