{
  "allOf" : [
    {
      "enum" : [
        [
          [
            [
              [
                1
              ]
            ],
            [
              [
                2
              ],
              [
                3
              ]
            ]
          ],
          [
            [
              [
                4
              ],
              [
                5
              ],
              [
                6
              ]
            ]
          ]
        ]
      ]
    },
    {
      "not" : {
        "not" : {
          "items" : {
            "items" : {
              "items" : {
                "items" : {
                  "type" : "number"
                },
                "type" : "array"
              },
              "type" : "array"
            },
            "type" : "array"
          },
          "type" : "array"
        }
      }
    }
  ]
}