{
  "allOf" : [
    {
      "enum" : [
        {
          "bar" : "bar",
          "foo" : "foo"
        }
      ]
    },
    {
      "not" : {
        "not" : {
          "properties" : {
            "bar" : {
              "enum" : [
                "bar"
              ]
            },
            "foo" : {
              "enum" : [
                "foo"
              ]
            }
          },
          "required" : [
            "bar"
          ],
          "type" : "object"
        }
      }
    }
  ]
}