{
  "allOf" : [
    {
      "enum" : [
        {
          "foo" : "foo"
        }
      ]
    },
    {
      "not" : {
        "not" : {
          "oneOf" : [
            {
              "properties" : {
                "bar" : true,
                "baz" : true
              },
              "required" : [
                "bar"
              ]
            },
            {
              "properties" : {
                "foo" : true
              },
              "required" : [
                "foo"
              ]
            }
          ]
        }
      }
    }
  ]
}