{
  "allOf" : [
    {
      "enum" : [
        {
          "quux" : 3
        }
      ]
    },
    {
      "not" : {
        "not" : {
          "additionalProperties" : {
            "type" : "integer"
          },
          "patternProperties" : {
            "f.o" : {
              "minItems" : 2
            }
          },
          "properties" : {
            "bar" : {
              "type" : "array"
            },
            "foo" : {
              "maxItems" : 3,
              "type" : "array"
            }
          }
        }
      }
    }
  ]
}