{
  "allOf" : [
    {
      "enum" : [
        {
          "bar" : 2
        }
      ]
    },
    {
      "not" : {
        "not" : {
          "anyOf" : [
            {
              "properties" : {
                "bar" : {
                  "type" : "integer"
                }
              },
              "required" : [
                "bar"
              ]
            },
            {
              "properties" : {
                "foo" : {
                  "type" : "string"
                }
              },
              "required" : [
                "foo"
              ]
            }
          ]
        }
      }
    }
  ]
}