{
  "allOf" : [
    {
      "enum" : [
        {
          "bar" : 2,
          "baz" : null,
          "foo" : "quux"
        }
      ]
    },
    {
      "not" : {
        "not" : {
          "allOf" : [
            {
              "properties" : {
                "foo" : {
                  "type" : "string"
                }
              },
              "required" : [
                "foo"
              ]
            },
            {
              "properties" : {
                "baz" : {
                  "type" : "null"
                }
              },
              "required" : [
                "baz"
              ]
            }
          ],
          "properties" : {
            "bar" : {
              "type" : "integer"
            }
          },
          "required" : [
            "bar"
          ]
        }
      }
    }
  ]
}